,shoulder_pan_joint,shoulder_lift_joint,elbow_joint,wrist_1_joint,wrist_2_joint,wrist_3_joint,time_from_start
0,1.4761815994259466,-1.193946561454978,2.023474692335774,-1.8832258920879144,1.5044623915888924,-1.4846204484220769,0.0
