,shoulder_pan_joint,shoulder_lift_joint,elbow_joint,wrist_1_joint,wrist_2_joint,wrist_3_joint,time_from_start
0,5.113318527900043,4.183687816032763,-1.9968293967406008,0.9717332603193606,-5.112006516274387,1.5566508946032644,0.0
